{
    "LightGBM": {
        "cv_accuracy": 0.697455706332359,
        "cv_precision": 0.7031893243254391,
        "cv_recall": 0.6833720354530468,
        "cv_f1": 0.6931346378340608,
        "cv_roc_auc": 0.7740415321825475,
        "test_accuracy": 0.66,
        "test_precision": 0.5781951817068192,
        "test_recall": 0.5843995047461824,
        "test_f1": 0.5812807881773399,
        "test_roc_auc": 0.7093527905794241,
        "overfit_gap": 0.03574741376001056,
        "cv_test_gap": 0.06468874160312332
    }
}