{
    "Logistic Regression": {
        "cv_accuracy": 0.635807859808619,
        "cv_precision": 0.6323423576351607,
        "cv_recall": 0.6489837670926221,
        "cv_f1": 0.6405423779089598,
        "cv_roc_auc": 0.6877777606082514,
        "test_accuracy": 0.6383333333333333,
        "test_precision": 0.5431888016387846,
        "test_recall": 0.6566240198101527,
        "test_f1": 0.5945440956651719,
        "test_roc_auc": 0.6900006357395712,
        "overfit_gap": 0.0009564960759865793,
        "cv_test_gap": 0.0022228751313198014
    },
    "Random Forest": {
        "cv_accuracy": 0.6573006460499015,
        "cv_precision": 0.6459800883602747,
        "cv_recall": 0.696093320837275,
        "cv_f1": 0.6700977735200747,
        "cv_roc_auc": 0.7164801078181989,
        "test_accuracy": 0.6443333333333333,
        "test_precision": 0.5481506164611796,
        "test_recall": 0.6789104416013206,
        "test_f1": 0.6065634218289085,
        "test_roc_auc": 0.7040283851372626,
        "overfit_gap": 0.01775443994379522,
        "cv_test_gap": 0.012451722680936306
    },
    "Neural Network": {
        "cv_accuracy": 0.6504509328272636,
        "cv_precision": 0.6331195085918078,
        "cv_recall": 0.7167146260305401,
        "cv_f1": 0.6719792837719037,
        "cv_roc_auc": 0.7048999119480247,
        "test_accuracy": 0.6371666666666667,
        "test_precision": 0.5394483643361129,
        "test_recall": 0.6941807676434173,
        "test_f1": 0.6071106298502076,
        "test_roc_auc": 0.70032892311601,
        "overfit_gap": 0.015065485031876213,
        "cv_test_gap": 0.004570988832014677
    },
    "LightGBM": {
        "cv_accuracy": 0.6868664817785175,
        "cv_precision": 0.6846079646188369,
        "cv_recall": 0.6930174243806501,
        "cv_f1": 0.6887814934452663,
        "cv_roc_auc": 0.7610861063650766,
        "test_accuracy": 0.6625,
        "test_precision": 0.5751510574018127,
        "test_recall": 0.6285596368138671,
        "test_f1": 0.6006704791954249,
        "test_roc_auc": 0.7143784214990279,
        "overfit_gap": 0.01927078000404614,
        "cv_test_gap": 0.046707684866048704
    }
}