{
    "Logistic Regression": {
        "cv_accuracy": 0.5982083333333333,
        "cv_precision": 0.5020151593297907,
        "cv_recall": 0.6591365331996375,
        "cv_f1": 0.569925566199181,
        "cv_roc_auc": 0.6526433841159607,
        "test_accuracy": 0.5466666666666666,
        "test_precision": 0.458391706360325,
        "test_recall": 0.6751960379694594,
        "test_f1": 0.5460614152202937,
        "test_roc_auc": 0.6061109341321884
    },
    "Random Forest": {
        "cv_accuracy": 0.6086666666666667,
        "cv_precision": 0.5119273324077181,
        "cv_recall": 0.6680117686443758,
        "cv_f1": 0.579538179450712,
        "cv_roc_auc": 0.6649488169501396,
        "test_accuracy": 0.5306666666666666,
        "test_precision": 0.44824861732947063,
        "test_recall": 0.7024349979364424,
        "test_f1": 0.547266881028939,
        "test_roc_auc": 0.5554727196765782
    },
    "XGBoost": {
        "cv_accuracy": 0.6197916666666667,
        "cv_precision": 0.5239330517569905,
        "cv_recall": 0.6438692824650285,
        "cv_f1": 0.5776630216472685,
        "cv_roc_auc": 0.6733782924723319,
        "test_accuracy": 0.5143333333333333,
        "test_precision": 0.44133811230585424,
        "test_recall": 0.762278167560875,
        "test_f1": 0.5590193704600485,
        "test_roc_auc": 0.559358346089469
    },
    "Neural Network": {
        "cv_accuracy": 0.6039999999999999,
        "cv_precision": 0.5088825503086692,
        "cv_recall": 0.6445907718968262,
        "cv_f1": 0.567192152126113,
        "cv_roc_auc": 0.6565460614215528,
        "test_accuracy": 0.5715,
        "test_precision": 0.47430555555555554,
        "test_recall": 0.5637639290136195,
        "test_f1": 0.5151800867433528,
        "test_roc_auc": 0.5787463838706294
    },
    "Stacking Ensemble": {
        "cv_accuracy": 0.6154166666666667,
        "cv_precision": 0.5189651226390628,
        "cv_recall": 0.6564554835804737,
        "cv_f1": 0.5795846517389435,
        "cv_roc_auc": 0.671994213303085,
        "test_accuracy": 0.5161666666666667,
        "test_precision": 0.44258373205741625,
        "test_recall": 0.7635163021048287,
        "test_f1": 0.5603513554444949,
        "test_roc_auc": 0.5660343038611315
    }
}