{
    "LightGBM": {
        "cv_accuracy": 0.6963024283807809,
        "cv_precision": 0.7019196733070661,
        "cv_recall": 0.6823934787966365,
        "cv_f1": 0.692015704991453,
        "cv_roc_auc": 0.7740632542331152,
        "test_accuracy": 0.6596666666666666,
        "test_precision": 0.5784919653893696,
        "test_recall": 0.5794469665703673,
        "test_f1": 0.5789690721649484,
        "test_roc_auc": 0.711067787491299,
        "overfit_gap": 0.03536303008083075,
        "cv_test_gap": 0.06299546674181622
    }
}